,nagpur,delhi,kochi,patna
nagpur,0.0,273.4628909186685,412.71795226669076,677.6185512310851
delhi,273.4628909186685,0.0,487.87698430583146,889.1555168174198
kochi,412.71795226669076,487.87698430583146,0.0,1021.9199458631721
patna,677.6185512310851,889.1555168174198,1021.9199458631721,0.0
