,nagpur,delhi,kochi,patna,bangalore,goa
nagpur,0.0,273.4628909186685,412.71795226669076,677.6185512310851,248.20717230636185,577.3084262530367
delhi,273.4628909186685,0.0,487.87698430583146,889.1555168174198,383.5126013172784,503.00181332302566
kochi,412.71795226669076,487.87698430583146,0.0,1021.9199458631721,168.23589037701714,285.02117266639897
patna,677.6185512310851,889.1555168174198,1021.9199458631721,0.0,862.555831981093,1244.9531644885553
bangalore,248.20717230636185,383.5126013172784,168.23589037701714,862.555831981093,0.0,396.24262386578744
goa,577.3084262530367,503.00181332302566,285.02117266639897,1244.9531644885553,396.24262386578744,0.0
