,nagpur,pune,aurangabad,mumbai,delhi,goa
nagpur,0.0,587.4446442161898,419.02332123328677,700.4730808360895,273.4628909186685,577.3084262530367
pune,587.4446442161898,0.0,170.49835305733004,115.4509050030521,464.32127797463914,102.59902673284745
aurangabad,419.02332123328677,170.49835305733004,0.0,281.59650375899963,308.90320678935296,194.15287516592576
mumbai,700.4730808360895,115.4509050030521,281.59650375899963,0.0,557.8006092960663,182.5004445554703
delhi,273.4628909186685,464.32127797463914,308.90320678935296,557.8006092960663,0.0,503.00181332302566
goa,577.3084262530367,102.59902673284745,194.15287516592576,182.5004445554703,503.00181332302566,0.0
