,nagpur,pune,aurangabad,mumbai,delhi,new york
nagpur,0.0,587.4446442161898,419.02332123328677,700.4730808360895,273.4628909186685,17041.562433995095
pune,587.4446442161898,0.0,170.49835305733004,115.4509050030521,464.32127797463914,16484.02576437934
aurangabad,419.02332123328677,170.49835305733004,0.0,281.59650375899963,308.90320678935296,16638.523468569834
mumbai,700.4730808360895,115.4509050030521,281.59650375899963,0.0,557.8006092960663,16368.859646870882
delhi,273.4628909186685,464.32127797463914,308.90320678935296,557.8006092960663,0.0,16803.421735158558
new york,17041.562433995095,16484.02576437934,16638.523468569834,16368.859646870882,16803.421735158558,0.0
